{
  "B_final_mean": 98.54591369628906,
  "B_final_std": 2.271841526031494,
  "C1_final_mean": 89.56632995605469,
  "C1_final_std": 3.6914072036743164,
  "C2_final_mean": 87.11734771728516,
  "C2_final_std": 7.632411956787109,
  "corr_B_C2": 0.3893823545156012,
  "corr_B_C1": 0.30318063560285,
  "corr_C1_C2": -0.059246256458253085
}