{
  "sigma_0.5": {
    "asymmetry": [
      0.0,
      0.10000000894069672,
      0.19999998807907104,
      0.30000001192092896,
      0.3999999761581421,
      0.5
    ],
    "deltaJ_pp": [
      -1.3605499267578125,
      -1.6326522827148438,
      0.8843460083007812,
      0.23809051513671875,
      1.1224365234375,
      0.8163223266601562
    ],
    "mean_deltaJ": 0.011332194320857525,
    "spread_deltaJ": 2.7550888061523438,
    "min_deltaJ": -1.6326522827148438,
    "max_deltaJ": 1.1224365234375
  },
  "sigma_1.0": {
    "asymmetry": [
      0.0,
      0.20000001788139343,
      0.3999999761581421,
      0.6000000238418579,
      0.7999999523162842,
      1.0
    ],
    "deltaJ_pp": [
      -5.204093933105469,
      -1.6666717529296875,
      -0.7142868041992188,
      0.37413787841796875,
      -1.2584991455078125,
      1.292510986328125
    ],
    "mean_deltaJ": -1.1961504220962524,
    "spread_deltaJ": 6.496604919433594,
    "min_deltaJ": -5.204093933105469,
    "max_deltaJ": 1.292510986328125
  },
  "clean_coverage_mean": 84.18367004394531,
  "n_seeds": 15
}