{
  "B": {
    "n_seeds": 20,
    "mean_unknown_pct": 1.4540816326530612,
    "unknown_dist": {
      "p50": 5.0,
      "p75": 6.0,
      "p90": 7.0,
      "mean": 5.12280701754386
    },
    "bandfrac_mean": {
      "known": 0.9854591488838196,
      "unknown_0\u20132": 0.0010204081190750003,
      "unknown_3\u20135": 0.0076530613005161285,
      "unknown_6\u20139": 0.0058673471212387085,
      "unknown_\u226510": 0.0
    }
  },
  "C1": {
    "n_seeds": 20,
    "mean_unknown_pct": 10.433673469387756,
    "unknown_dist": {
      "p50": 11.0,
      "p75": 13.0,
      "p90": 13.0,
      "mean": 9.1760391198044
    },
    "bandfrac_mean": {
      "known": 0.8956631422042847,
      "unknown_0\u20132": 0.013520407490432262,
      "unknown_3\u20135": 0.013265306130051613,
      "unknown_6\u20139": 0.010969387367367744,
      "unknown_\u226510": 0.06658162921667099
    }
  },
  "C2": {
    "n_seeds": 20,
    "mean_unknown_pct": 12.88265306122449,
    "unknown_dist": {
      "p50": 6.0,
      "p75": 9.0,
      "p90": 11.0,
      "mean": 6.081188118811881
    },
    "bandfrac_mean": {
      "known": 0.8711735010147095,
      "unknown_0\u20132": 0.028826529160141945,
      "unknown_3\u20135": 0.027806121855974197,
      "unknown_6\u20139": 0.04387754946947098,
      "unknown_\u226510": 0.028316328302025795
    }
  }
}