{
  "B": {
    "distinct_blue_frac_pct": {
      "k=0": 1.1224489795918366,
      "k=1": 3.2653061224489797,
      "k=2": 6.326530612244897,
      "k=3": 9.081632653061225,
      "k=4": 20.714285714285715,
      "k=5": 59.48979591836735
    },
    "distinct_red_frac_pct": {
      "k=0": 100.0
    },
    "visits_summary_by_bucket": {
      "blue-only": {
        "n_cells": 1938,
        "mean": 44.07327141382869,
        "p50": 39.0,
        "p90": 81.0,
        "max": 147
      },
      "BOTH": {
        "n_cells": 0,
        "mean": 0.0,
        "p50": 0.0,
        "p90": 0.0,
        "max": 0
      },
      "red-only": {
        "n_cells": 0,
        "mean": 0.0,
        "p50": 0.0,
        "p90": 0.0,
        "max": 0
      },
      "nobody": {
        "n_cells": 22,
        "mean": 6.0,
        "p50": 6.0,
        "p90": 9.0,
        "max": 13
      }
    }
  },
  "C1": {
    "distinct_blue_frac_pct": {
      "k=0": 10.561224489795919,
      "k=1": 7.448979591836736,
      "k=2": 13.826530612244897,
      "k=3": 29.948979591836732,
      "k=4": 38.21428571428571
    },
    "distinct_red_frac_pct": {
      "k=0": 61.836734693877546,
      "k=1": 38.163265306122454
    },
    "visits_summary_by_bucket": {
      "blue-only": {
        "n_cells": 1036,
        "mean": 32.075289575289574,
        "p50": 26.0,
        "p90": 55.0,
        "max": 236
      },
      "BOTH": {
        "n_cells": 717,
        "mean": 53.73919107391911,
        "p50": 45.0,
        "p90": 94.39999999999998,
        "max": 212
      },
      "red-only": {
        "n_cells": 31,
        "mean": 67.0,
        "p50": 53.0,
        "p90": 127.0,
        "max": 145
      },
      "nobody": {
        "n_cells": 176,
        "mean": 8.022727272727273,
        "p50": 4.0,
        "p90": 15.0,
        "max": 129
      }
    }
  },
  "C2": {
    "distinct_blue_frac_pct": {
      "k=0": 12.908163265306122,
      "k=1": 14.591836734693878,
      "k=2": 22.75510204081633,
      "k=3": 49.744897959183675
    },
    "distinct_red_frac_pct": {
      "k=0": 59.336734693877546,
      "k=1": 34.744897959183675,
      "k=2": 5.918367346938775
    },
    "visits_summary_by_bucket": {
      "blue-only": {
        "n_cells": 965,
        "mean": 29.81243523316062,
        "p50": 19.0,
        "p90": 80.60000000000002,
        "max": 200
      },
      "BOTH": {
        "n_cells": 742,
        "mean": 33.435309973045825,
        "p50": 22.0,
        "p90": 57.799999999999955,
        "max": 219
      },
      "red-only": {
        "n_cells": 55,
        "mean": 130.85454545454544,
        "p50": 179.0,
        "p90": 197.6,
        "max": 207
      },
      "nobody": {
        "n_cells": 198,
        "mean": 13.54040404040404,
        "p50": 5.0,
        "p90": 16.0,
        "max": 205
      }
    }
  }
}