{
  "ig_team_means": {
    "blue_mean": {
      "B": {
        "scan": 0.1755662074097069,
        "seen": 0.2679308297374559,
        "map_frac": 0.16194620093099127,
        "norm_pos": 0.25161205470795756,
        "uid": 0.14294470721388838,
        "team_id": 0.0
      },
      "C1": {
        "scan": 0.23096745827427717,
        "seen": 0.26419797023660613,
        "map_frac": 0.13848031351985737,
        "norm_pos": 0.2526506880329954,
        "uid": 0.11370356993626432,
        "team_id": 0.0
      },
      "C2": {
        "scan": 0.249537362588456,
        "seen": 0.20418023947866706,
        "map_frac": 0.13413092607935248,
        "norm_pos": 0.30526750161320515,
        "uid": 0.10688397024031948,
        "team_id": 0.0
      }
    },
    "red_mean": {
      "B": {
        "scan": 0.0,
        "seen": 0.0,
        "map_frac": 0.0,
        "norm_pos": 0.0,
        "uid": 0.0,
        "team_id": 0.0
      },
      "C1": {
        "scan": 0.14245084584120365,
        "seen": 0.15277645728715944,
        "map_frac": 0.05148760632788581,
        "norm_pos": 0.2055707592480151,
        "uid": 0.1773277888441202,
        "team_id": 0.2703865424516154
      },
      "C2": {
        "scan": 0.33097136322694654,
        "seen": 0.1280870175207286,
        "map_frac": 0.06526624790751297,
        "norm_pos": 0.09206500347128668,
        "uid": 0.1609350967458013,
        "team_id": 0.22267527112772417
      }
    }
  },
  "seeds": [
    0,
    1,
    2,
    3,
    4
  ],
  "ig_steps": 32
}