{
  "occlusion_coverage": {
    "B": {
      "scan": {
        "mean_dcov": 38.26530612244898,
        "se_dcov": 3.3935283976154875
      },
      "seen": {
        "mean_dcov": 61.020408163265316,
        "se_dcov": 0.7157419557857224
      },
      "map_frac": {
        "mean_dcov": 0.816326530612244,
        "se_dcov": 0.23268886226512836
      },
      "norm_pos": {
        "mean_dcov": 30.20408163265306,
        "se_dcov": 1.6288220358559102
      },
      "uid": {
        "mean_dcov": 0.5102040816326536,
        "se_dcov": 0.5399492471560386
      },
      "team_id": {
        "mean_dcov": 0.0,
        "se_dcov": 0.0
      }
    },
    "C1": {
      "scan": {
        "mean_dcov": 41.0204081632653,
        "se_dcov": 2.2844384194213414
      },
      "seen": {
        "mean_dcov": 66.53061224489795,
        "se_dcov": 2.1530370440657842
      },
      "map_frac": {
        "mean_dcov": 8.16326530612245,
        "se_dcov": 2.577414477615324
      },
      "norm_pos": {
        "mean_dcov": 20.306122448979586,
        "se_dcov": 2.873133097204581
      },
      "uid": {
        "mean_dcov": 1.3265306122448977,
        "se_dcov": 3.1437846497809367
      },
      "team_id": {
        "mean_dcov": 0.5102040816326536,
        "se_dcov": 1.3067600484556838
      }
    },
    "C2": {
      "scan": {
        "mean_dcov": 27.85714285714286,
        "se_dcov": 5.084869062007326
      },
      "seen": {
        "mean_dcov": 57.04081632653062,
        "se_dcov": 3.035264072257667
      },
      "map_frac": {
        "mean_dcov": -0.40816326530612057,
        "se_dcov": 2.76604026703345
      },
      "norm_pos": {
        "mean_dcov": 48.46938775510204,
        "se_dcov": 4.2662336653809945
      },
      "uid": {
        "mean_dcov": 1.6326530612244938,
        "se_dcov": 4.318147442416015
      },
      "team_id": {
        "mean_dcov": -3.061224489795913,
        "se_dcov": 2.4361910992476163
      }
    }
  },
  "occlusion_kl": {
    "B": {
      "blue_mean_kl": {
        "scan": 0.3703540861606598,
        "seen": 1.0198347568511963,
        "map_frac": 0.010302451439201832,
        "norm_pos": 0.3360312879085541,
        "uid": 0.003806989174336195,
        "team_id": 0.0
      },
      "red_mean_kl": {
        "scan": 0.0,
        "seen": 0.0,
        "map_frac": 0.0,
        "norm_pos": 0.0,
        "uid": 0.0,
        "team_id": 0.0
      }
    },
    "C1": {
      "blue_mean_kl": {
        "scan": 0.5833348631858826,
        "seen": 1.83737313747406,
        "map_frac": 0.03073135018348694,
        "norm_pos": 0.21072296798229218,
        "uid": 0.00708035659044981,
        "team_id": 0.0
      },
      "red_mean_kl": {
        "scan": 0.2138957679271698,
        "seen": 0.1020963042974472,
        "map_frac": 0.006213562097400427,
        "norm_pos": 0.04875429347157478,
        "uid": 0.044121213257312775,
        "team_id": 0.052908480167388916
      }
    },
    "C2": {
      "blue_mean_kl": {
        "scan": 0.34112459421157837,
        "seen": 1.5228264331817627,
        "map_frac": 0.019575707614421844,
        "norm_pos": 0.26640456914901733,
        "uid": 0.012380344793200493,
        "team_id": 0.0
      },
      "red_mean_kl": {
        "scan": 3.1963489055633545,
        "seen": 0.12219418585300446,
        "map_frac": 0.0008712156559340656,
        "norm_pos": 0.02886289358139038,
        "uid": 0.0284158643335104,
        "team_id": 0.020921800285577774
      }
    }
  },
  "identity_swap": {
    "C2_mean_swap_score": 13.288732896391247,
    "C2_seeds_with_negative_score": 0
  },
  "probes": {
    "B": {
      "blue": {
        "will_stay_next": 0.8248000000000001,
        "frontier_in_view": 0.9986,
        "shuffled_stay": 0.8044,
        "n_examples": 6250
      }
    },
    "C1": {
      "blue": {
        "will_stay_next": 0.78525,
        "frontier_in_view": 0.99875,
        "shuffled_stay": 0.7257499999999999,
        "n_examples": 4000
      },
      "red": {
        "will_stay_next": NaN,
        "frontier_in_view": 0.998,
        "shuffled_stay": NaN,
        "n_examples": 1000,
        "blue_in_view": 0.9970000000000001
      }
    },
    "C2": {
      "blue": {
        "will_stay_next": 0.775,
        "frontier_in_view": 0.998,
        "shuffled_stay": 0.7516666666666667,
        "n_examples": 3000
      },
      "red": {
        "will_stay_next": 0.5445,
        "frontier_in_view": NaN,
        "shuffled_stay": 0.5685,
        "n_examples": 2000,
        "blue_in_view": 0.9594999999999999
      }
    }
  },
  "seeds": [
    0,
    1,
    2,
    3,
    4
  ]
}