{
  "blocks": [
    "scan",
    "seen",
    "map_frac",
    "norm_pos",
    "uid",
    "team_id"
  ],
  "block_team_means": {
    "setups": [
      "B",
      "C1",
      "C2"
    ],
    "blocks": [
      "scan",
      "seen",
      "map_frac",
      "norm_pos",
      "uid",
      "team_id"
    ],
    "blue_mean": {
      "B": {
        "scan": 0.1595864177894207,
        "seen": 0.19908147352971606,
        "map_frac": 0.19353530402349425,
        "norm_pos": 0.27653003147269667,
        "uid": 0.12923210259806356,
        "team_id": 0.0420346705866091
      },
      "C1": {
        "scan": 0.15762956077444612,
        "seen": 0.1956555213765002,
        "map_frac": 0.20325736320757024,
        "norm_pos": 0.24527903471502507,
        "uid": 0.10307481574911663,
        "team_id": 0.09510370417734176
      },
      "C2": {
        "scan": 0.14904283110590097,
        "seen": 0.1686798402367786,
        "map_frac": 0.1759581580579834,
        "norm_pos": 0.24864597786466572,
        "uid": 0.1303918184672473,
        "team_id": 0.12728137426742514
      }
    },
    "red_mean": {
      "B": {
        "scan": 0.0,
        "seen": 0.0,
        "map_frac": 0.0,
        "norm_pos": 0.0,
        "uid": 0.0,
        "team_id": 0.0
      },
      "C1": {
        "scan": 0.21838831121380614,
        "seen": 0.17525460664056872,
        "map_frac": 0.16397150029741536,
        "norm_pos": 0.19836389388701522,
        "uid": 0.10980391934038583,
        "team_id": 0.13421776862080806
      },
      "C2": {
        "scan": 0.1715551567113221,
        "seen": 0.17658332362407692,
        "map_frac": 0.17213148828873792,
        "norm_pos": 0.12671511796757406,
        "uid": 0.18142141166622594,
        "team_id": 0.1715935017420613
      }
    }
  },
  "joint_red_cross": {
    "own_mean_per_block": {
      "scan": 0.4929553806781769,
      "seen": 0.5471942809969187,
      "map_frac": 0.5765078091621398,
      "norm_pos": 0.3752153274323791,
      "uid": 0.5440207826066762,
      "team_id": 0.5222432060912251
    },
    "cross_mean_per_block": {
      "scan": 0.5146566248312593,
      "seen": 0.48434250164777043,
      "map_frac": 0.2852480638772249,
      "norm_pos": 0.5658108072541654,
      "uid": 0.3355926912650466,
      "team_id": 0.12446428520604969
    },
    "cross_share_total": 0.4303291046897709,
    "cross_share_mean_over_time": 0.4308495621969456
  },
  "method": "vanilla input-saliency, |\u2202logit_a/\u2202obs| with a = sampled action",
  "rollout": "canonical seed=0, max_steps from each config"
}